Nama Kos Utama,Tipe Kamar,Lokasi,Tipe,Harga per Bulan,Fasilitas,Nama Kos
Kost Bu Benny Puri Asthagina,Standard,Karangploso,Putra,1400000,"K. Mandi Dalam, AC, Kloset Duduk, Kasur",Kost Bu Benny Puri Asthagina
Kost Harsadana,Tipe A,Lowokwaru,Putra,1500000,"K. Mandi Dalam, WiFi, Kloset Duduk, Kasur, Akses 24 Jam",Kost Harsadana Tipe A
Kost Inas,Standard,Lowokwaru,Putri,1200000,"K. Mandi Dalam, WiFi, AC, Kloset Duduk, Kasur",Kost Inas
Kost Griya Ria Muslimah,Tipe C,Lowokwaru,Putri,1425000,"K. Mandi Dalam, WiFi, AC, Kloset Duduk, Kasur",Kost Griya Ria Muslimah Tipe C
Kost Griya Ria Muslimah,Tipe B,Lowokwaru,Putri,1577000,"K. Mandi Dalam, WiFi, AC, Kloset Duduk, Kasur",Kost Griya Ria Muslimah Tipe B
Kost Griya Ria Muslimah,Tipe A,Lowokwaru,Putri,1725000,"K. Mandi Dalam, WiFi, AC, Kloset Duduk, Kasur",Kost Griya Ria Muslimah Tipe A
Kost La Paradise,Tipe A,Blimbing,Putri,2325000,"K. Mandi Dalam, WiFi, AC, Kloset Duduk, Kasur, Akses 24 Jam",Kost La Paradise Tipe A
Kost La Paradise,Tipe B,Blimbing,Putri,1819000,"K. Mandi Dalam, WiFi, AC, Kloset Duduk, Kasur, Akses 24 Jam",Kost La Paradise Tipe B
Kost Rayi House,Tipe B,Lowokwaru,Putra,1510000,"K. Mandi Dalam, WiFi, AC, Kloset Duduk, Kasur, Akses 24 Jam",Kost Rayi House Tipe B
Kost Omah Nyaman Baru,Standard,Kecamatan Blimbing,Putra,1800000,"K. Mandi Dalam, WiFi, AC, Kloset Duduk, Kasur, Akses 24 Jam",Kost Omah Nyaman Baru
Kost Simpang Mega Mendung Luar,Standard,Sukun,Putri,550000,"WiFi, Kasur, Akses 24 Jam",Kost Simpang Mega Mendung Luar
Kost Omah Tilam,Tipe A,Kecamatan Blimbing,Campur,2325000,"K. Mandi Dalam, WiFi, AC, Kloset Duduk, Kasur, Akses 24 Jam",Kost Omah Tilam Tipe A
Kost Pondok Sakinah Executive,Standard,Kecamatan Lowokwaru,Putri,1300000,"K. Mandi Dalam, WiFi, AC, Kloset Duduk, Kasur, Akses 24 Jam",Kost Pondok Sakinah Executive
Kost Pak Ali,Standard,Kecamatan Lowokwaru,Putri,723400,"WiFi, Kloset Duduk, Kasur, Akses 24 Jam",Kost Pak Ali
Kost Grand Kedawung Executive,Tipe A,Blimbing,Putra,1675000,"K. Mandi Dalam, WiFi, AC, Kloset Duduk, Kasur, Akses 24 Jam",Kost Grand Kedawung Executive Tipe A
Kost Kozroom,Tipe D Brawijaya,Kecamatan Lowokwaru,Putri,2075000,"K. Mandi Dalam, WiFi, AC, Kloset Duduk, Kasur, Akses 24 Jam",Kost Kozroom Tipe D Brawijaya
Kost Rara Dwiga,Tipe B,Lowokwaru,Putra,1773000,"K. Mandi Dalam, WiFi, AC, Kloset Duduk, Kasur, Akses 24 Jam",Kost Rara Dwiga Tipe B
Kost Green House Universitas Brawijaya,Tipe C,Lowokwaru,Putri,1115000,"K. Mandi Dalam, WiFi, Kloset Duduk, Kasur, Akses 24 Jam",Kost Green House Universitas Brawijaya Tipe C
Kost Penthouse,Tipe C,Lowokwaru,Putra,1100000,"K. Mandi Dalam, WiFi, Kloset Duduk, Kasur, Akses 24 Jam",Kost Penthouse Tipe C
Kost Three D,Standard,Karangploso,Putri,1300000,"K. Mandi Dalam, WiFi, AC, Kloset Duduk, Kasur",Kost Three D
Kost Syariah BonDal 18,Tipe B,Kecamatan Klojen,Putra,700000,"WiFi, Kasur, Akses 24 Jam",Kost Syariah BonDal 18 Tipe B
Kost Suhartono Tlogomas,Tipe A,Lowokwaru,Putri,567450,"WiFi, Kasur",Kost Suhartono Tlogomas Tipe A
Kost Kemuning House,Tipe C,Lowokwaru,Putri,1078000,"K. Mandi Dalam, WiFi, AC, Kloset Duduk, Kasur",Kost Kemuning House Tipe C
Kost Syariah BonDal 18,Tipe A,Kecamatan Klojen,Putra,800000,"WiFi, Kasur, Akses 24 Jam",Kost Syariah BonDal 18 Tipe A
Kost SR Bylira,Tipe A,Lowokwaru,Putri,1450000,"K. Mandi Dalam, WiFi, AC, Kloset Duduk, Kasur, Akses 24 Jam",Kost SR Bylira Tipe A
Kost Tya,Standard,Lowokwaru,Putra,1700000,"K. Mandi Dalam, WiFi, AC, Kloset Duduk, Kasur, Akses 24 Jam",Kost Tya
Kost Lokon 4,Tipe A,Sukun,Putri,850000,"WiFi, AC, Kloset Duduk, Kasur, Akses 24 Jam",Kost Lokon 4 Tipe A
Kost Lokon 4,Tipe C,Sukun,Putri,1200000,"K. Mandi Dalam, WiFi, AC, Kloset Duduk, Kasur, Akses 24 Jam",Kost Lokon 4 Tipe C
Kost Taman Nusa Indah,Tipe B,Kecamatan Lowokwaru,Putra,1625000,"K. Mandi Dalam, WiFi, AC, Kloset Duduk, Kasur, Akses 24 Jam",Kost Taman Nusa Indah Tipe B
Kost Manggar,Tipe C,Lowokwaru,Putri,579600,"WiFi, Kasur",Kost Manggar Tipe C
Kost Premium Victoria Boutique Residence Executive,Standard,Blimbing,Campur,2500000,"K. Mandi Dalam, WiFi, AC, Kloset Duduk, Kasur, Akses 24 Jam",Kost Premium Victoria Boutique Residence Executive
Kost Karet 9,Standard,Lowokwaru,Putri,1250000,"K. Mandi Dalam, WiFi, AC, Kloset Duduk, Kasur",Kost Karet 9
Kost Taman Nusa Indah,Tipe A,Kecamatan Lowokwaru,Putra,1275000,"K. Mandi Dalam, WiFi, Kloset Duduk, Kasur, Akses 24 Jam",Kost Taman Nusa Indah Tipe A
Kost Rayi House,Tipe A,Lowokwaru,Putra,1375000,"K. Mandi Dalam, WiFi, AC, Kloset Duduk, Kasur, Akses 24 Jam",Kost Rayi House Tipe A
Kost Eksklusif Nusa Indah Executive,Standard,Lowokwaru,Putri,2500000,"K. Mandi Dalam, WiFi, AC, Kloset Duduk, Kasur, Akses 24 Jam",Kost Eksklusif Nusa Indah Executive
Kost Candi Mendut,Tipe A1,Lowokwaru,Putra,1000000,"K. Mandi Dalam, WiFi, Kloset Duduk, Kasur, Akses 24 Jam",Kost Candi Mendut Tipe A1
Kost Purple House,Standard,Lowokwaru,Putri,1375000,"K. Mandi Dalam, WiFi, AC, Kloset Duduk, Kasur, Akses 24 Jam",Kost Purple House
Kost Kumis Kucing 35D,Standard,Kecamatan Lowokwaru,Putri,600000,"WiFi, Kasur",Kost Kumis Kucing 35D
Kost Divya Kayana,Standard,Lowokwaru,Putri,1075000,"K. Mandi Dalam, WiFi, Kloset Duduk, Kasur",Kost Divya Kayana
Kost Kozroom,Tipe A Brawijaya,Kecamatan Lowokwaru,Putri,1722500,"K. Mandi Dalam, WiFi, AC, Kloset Duduk, Kasur, Akses 24 Jam",Kost Kozroom Tipe A Brawijaya
Kost Green House Universitas Brawijaya,Tipe A,Lowokwaru,Putri,1315000,"K. Mandi Dalam, WiFi, Kloset Duduk, Kasur, Akses 24 Jam",Kost Green House Universitas Brawijaya Tipe A
Kost Griya Fatwa 2 Muslimah,Tipe A,Lowokwaru,Putri,1645000,"K. Mandi Dalam, WiFi, AC, Kloset Duduk, Kasur",Kost Griya Fatwa 2 Muslimah Tipe A
Kost Guest House Syariah Cakalang,Standard,Kecamatan Blimbing,Campur,1800000,"K. Mandi Dalam, WiFi, AC, Kloset Duduk, Kasur, Akses 24 Jam",Kost Guest House Syariah Cakalang
Kost Green House Universitas Brawijaya,Tipe D,Lowokwaru,Putri,885000,"WiFi, Kloset Duduk, Kasur, Akses 24 Jam",Kost Green House Universitas Brawijaya Tipe D
Kost Cimi Akordion,Tipe A,Kecamatan Lowokwaru,Putri,1600000,"K. Mandi Dalam, WiFi, AC, Kloset Duduk, Kasur",Kost Cimi Akordion Tipe A
Kost Griya ABA UNIBRAW,Standard,Kecamatan Sukun,Putri,1615000,"K. Mandi Dalam, WiFi, AC, Kloset Duduk, Kasur, Akses 24 Jam",Kost Griya ABA UNIBRAW
Kost Griya Fatwa 1,Tipe A,Lowokwaru,Putri,1240000,"K. Mandi Dalam, WiFi, AC, Kloset Duduk, Kasur, Akses 24 Jam",Kost Griya Fatwa 1 Tipe A
Kost Kozroom,Tipe C Brawijaya,Kecamatan Lowokwaru,Putri,1975000,"K. Mandi Dalam, WiFi, AC, Kloset Duduk, Kasur, Akses 24 Jam",Kost Kozroom Tipe C Brawijaya
Kost Alfirdaus Boarding House,Tipe Standard,Kecamatan Lowokwaru,Putri,1800000,"K. Mandi Dalam, WiFi, AC, Kloset Duduk, Kasur, Akses 24 Jam",Kost Alfirdaus Boarding House Tipe Standard
Kost 251 Raya Candi,Tipe B,Sukun,Putri,739840,"WiFi, Kasur, Akses 24 Jam",Kost 251 Raya Candi Tipe B
Kost Kozroom,Tipe B Brawijaya,Kecamatan Lowokwaru,Putri,1771000,"K. Mandi Dalam, WiFi, AC, Kloset Duduk, Kasur, Akses 24 Jam",Kost Kozroom Tipe B Brawijaya
Kost Green House Universitas Brawijaya,Tipe B,Lowokwaru,Putri,1215000,"K. Mandi Dalam, WiFi, Kloset Duduk, Kasur, Akses 24 Jam",Kost Green House Universitas Brawijaya Tipe B
Kost River Hills,Standard,Lowokwaru,Putri,2300000,"K. Mandi Dalam, WiFi, AC, Kloset Duduk, Kasur",Kost River Hills
Kost Arjuna Wibawa,Standard,Kecamatan Lowokwaru,Putra,600000,"WiFi, Kloset Duduk, Kasur, Akses 24 Jam",Kost Arjuna Wibawa
Kost Edelweiss Mansion,Tipe A,Kecamatan Lowokwaru,Putri,1700000,"K. Mandi Dalam, WiFi, AC, Kloset Duduk, Kasur",Kost Edelweiss Mansion Tipe A
Kost Look House,Standard,Kecamatan Lowokwaru,Putri,1700000,"K. Mandi Dalam, WiFi, AC, Kloset Duduk, Kasur, Akses 24 Jam",Kost Look House
Kost Elisa Living Standart,Standard,Kecamatan Blimbing,Putri,2500000,"K. Mandi Dalam, WiFi, AC, Kloset Duduk, Kasur",Kost Elisa Living Standart
Kost Senggani 6A,Tipe A,Lowokwaru,Putri,750000,"K. Mandi Dalam, Kloset Duduk, Kasur, Akses 24 Jam",Kost Senggani 6A Tipe A
Kost Gajayana,Tipe B,Lowokwaru,Putri,1195000,"WiFi, Kloset Duduk, Kasur, Akses 24 Jam",Kost Gajayana Tipe B
Kost Vita Min,Standard,Kecamatan Kedungkandang,Campur,850000,"K. Mandi Dalam, Kasur, Akses 24 Jam",Kost Vita Min
Kost Adenium,Tipe B,Lowokwaru,Putri,450000,"WiFi, Kloset Duduk, Kasur, Akses 24 Jam",Kost Adenium Tipe B
Kost Cahaya Abadi Standard,Standard,Kecamatan Lowokwaru,Putri,1500000,"K. Mandi Dalam, WiFi, AC, Kloset Duduk, Kasur, Akses 24 Jam",Kost Cahaya Abadi Standard
Kost Griyaratu Mertojoyo Selatan,Tipe A,Kecamatan Lowokwaru,Putri,950000,"K. Mandi Dalam, WiFi, Kloset Duduk, Kasur, Akses 24 Jam",Kost Griyaratu Mertojoyo Selatan Tipe A
Kost Tamborin Asri,Tipe A,Kecamatan Lowokwaru,Putri,1300000,"K. Mandi Dalam, WiFi, AC, Kloset Duduk, Kasur, Akses 24 Jam",Kost Tamborin Asri Tipe A
Kost Srikandi,Tipe A,Kecamatan Sukun,Putri,1250000,"WiFi, AC, Kloset Duduk, Kasur",Kost Srikandi Tipe A
Kost Yangti,Standard,Kecamatan Klojen,Campur,1000000,"WiFi, Kloset Duduk, Kasur, Akses 24 Jam",Kost Yangti
Kost Konxo Co Living 1,Standard,Sukun,Putri,900000,"WiFi, Kloset Duduk, Kasur, Akses 24 Jam",Kost Konxo Co Living 1
Kost Ameena,Tipe A,Kecamatan Lowokwaru,Putri,1150000,"K. Mandi Dalam, WiFi, Kloset Duduk, Kasur, Akses 24 Jam",Kost Ameena Tipe A
Kost Khadijah,Tipe A,Kecamatan Lowokwaru,Putri,1600000,"K. Mandi Dalam, WiFi, AC, Kloset Duduk, Kasur, Akses 24 Jam",Kost Khadijah Tipe A
Kost Utami,Standard,Kecamatan Lowokwaru,Putri,1000000,"K. Mandi Dalam, WiFi, AC, Kloset Duduk, Kasur, Akses 24 Jam",Kost Utami
Kost Aisyah,Tipe A,Lowokwaru,Campur,1700000,"K. Mandi Dalam, WiFi, AC, Kloset Duduk, Kasur, Akses 24 Jam",Kost Aisyah Tipe A
Kost Marendah,Standard,Kecamatan Klojen,Putra,500000,"WiFi, Kloset Duduk, Kasur, Akses 24 Jam",Kost Marendah
Kost Sunny 2 Simpang Gajayana Sardo,Tipe C,Lowokwaru,Putri,1500000,"K. Mandi Dalam, WiFi, AC, Kloset Duduk, Kasur, Akses 24 Jam",Kost Sunny 2 Simpang Gajayana Sardo Tipe C
Kost Griya Al Baroqah Tlogomas,Standard,Kecamatan Lowokwaru,Putri,900000,"K. Mandi Dalam, WiFi, Kloset Duduk, Kasur, Akses 24 Jam",Kost Griya Al Baroqah Tlogomas
Kost Qilayuyu,Tipe A,Kecamatan Blimbing,Putri,300000,"WiFi, Kasur, Akses 24 Jam",Kost Qilayuyu Tipe A
Kost Tirto Co Living,Standard,Dau,Putri,1250000,"WiFi, AC, Kloset Duduk, Kasur, Akses 24 Jam",Kost Tirto Co Living
Kost EZ,Tipe A,Lowokwaru,Putra,2325000,"K. Mandi Dalam, WiFi, AC, Kloset Duduk, Kasur, Akses 24 Jam",Kost EZ Tipe A
Kost Prayogo,Standard,Kecamatan Lowokwaru,Putri,700000,"K. Mandi Dalam, WiFi, Kloset Duduk, Kasur, Akses 24 Jam",Kost Prayogo
Kost 251 Raya Candi,Tipe A,Sukun,Putri,1106000,"K. Mandi Dalam, WiFi, Kloset Duduk, Kasur, Akses 24 Jam",Kost 251 Raya Candi Tipe A
Kost Nyaman,Standard,Kecamatan Blimbing,Putri,1300000,"K. Mandi Dalam, WiFi, AC, Kloset Duduk, Kasur, Akses 24 Jam",Kost Nyaman
Kost I Dan A,Standard,Blimbing,Campur,500000,"WiFi, Kloset Duduk, Kasur",Kost I Dan A
Kost Griyashanta Eksekutif P333,Tipe A,Kecamatan Lowokwaru,Putri,1850000,"K. Mandi Dalam, WiFi, AC, Kloset Duduk, Kasur, Akses 24 Jam",Kost Griyashanta Eksekutif P333 Tipe A
Kost Retno Arjosari,Standard,Kecamatan Blimbing,Putra,500000,"WiFi, Kloset Duduk, Kasur",Kost Retno Arjosari
Kost Araya Binus Javelin House,Tipe A,Kecamatan Blimbing,Putri,2245000,"K. Mandi Dalam, WiFi, AC, Kloset Duduk, Kasur, Akses 24 Jam",Kost Araya Binus Javelin House Tipe A
Kost Omah PW,Tipe A,Lowokwaru,Putra,864270,"K. Mandi Dalam, WiFi, Kasur",Kost Omah PW Tipe A
Kost Yumna,Standard,Kecamatan Karang Ploso,Putri,1300000,"K. Mandi Dalam, WiFi, AC, Kloset Duduk, Akses 24 Jam",Kost Yumna
Kost Sancaka,Tipe E,Kecamatan Lowokwaru,Putra,1050000,"K. Mandi Dalam, WiFi, Kloset Duduk, Kasur",Kost Sancaka Tipe E
Kost Khodijah,Tipe B,Lowokwaru,Putri,1300000,"K. Mandi Dalam, WiFi, Kloset Duduk, Kasur, Akses 24 Jam",Kost Khodijah Tipe B
Kost Bu Nina,Tipe A,Kecamatan Lowokwaru,Putri,900000,"WiFi, Kloset Duduk, Kasur",Kost Bu Nina Tipe A
Kost Rara Dwiga,Tipe A,Lowokwaru,Putra,2085000,"K. Mandi Dalam, WiFi, AC, Kloset Duduk, Kasur, Akses 24 Jam",Kost Rara Dwiga Tipe A
Kost Griya Amarta,Tipe A,Kecamatan Lowokwaru,Putri,1900000,"K. Mandi Dalam, WiFi, AC, Kloset Duduk, Kasur, Akses 24 Jam",Kost Griya Amarta Tipe A
Kost Bu Umi,Tipe A,Klojen,Putri,600000,"WiFi, Kasur",Kost Bu Umi Tipe A
Kost Araya Binus Javelin House,Tipe B,Kecamatan Blimbing,Putri,2150000,"K. Mandi Dalam, WiFi, AC, Kloset Duduk, Kasur, Akses 24 Jam",Kost Araya Binus Javelin House Tipe B
Kost Griya Kinasih,Standard,Kecamatan Lowokwaru,Putri,1500000,"K. Mandi Dalam, WiFi, AC, Kloset Duduk, Kasur, Akses 24 Jam",Kost Griya Kinasih
Kost Aurell Executive,Standard,Lowokwaru,Putri,1500000,"K. Mandi Dalam, WiFi, AC, Kloset Duduk, Kasur, Akses 24 Jam",Kost Aurell Executive
Kost Aksari,Standard,Kecamatan Sukun,Putra,550000,"WiFi, Kasur, Akses 24 Jam",Kost Aksari
Kost Arupa,Standard,Kecamatan Sukun,Putri,1200000,"K. Mandi Dalam, WiFi, AC, Kloset Duduk, Kasur, Akses 24 Jam",Kost Arupa
Kost EZ,Tipe B,Lowokwaru,Putra,2235000,"K. Mandi Dalam, WiFi, AC, Kloset Duduk, Kasur, Akses 24 Jam",Kost EZ Tipe B
Kost 54 Bening A Standar,Standard,Kecamatan Lowokwaru,Putra,700000,"WiFi, Kasur, Akses 24 Jam",Kost 54 Bening A Standar
Kost Bu Yati,Standard,Kedungkandang,Putri,400000,"WiFi, Kasur, Akses 24 Jam",Kost Bu Yati
Kost Casa Tamara Executive,Standard,Kecamatan Blimbing,Putri,2100000,"K. Mandi Dalam, WiFi, AC, Kloset Duduk, Kasur, Akses 24 Jam",Kost Casa Tamara Executive
Kost Al Firdaus,Tipe A,Lowokwaru,Putra,495000,"WiFi, Kasur",Kost Al Firdaus Tipe A
Kost Jakdal 116,Standard,Kecamatan Klojen,Putri,500000,"WiFi, Kasur, Akses 24 Jam",Kost Jakdal 116
Kost Devy House,Standard,Lowokwaru,Putri,1700000,"K. Mandi Dalam, WiFi, AC, Kloset Duduk, Kasur, Akses 24 Jam",Kost Devy House
Kost Candi Bima Executive,Standard,Kecamatan Lowokwaru,Putra,1600000,"K. Mandi Dalam, WiFi, AC, Kloset Duduk, Kasur, Akses 24 Jam",Kost Candi Bima Executive
Kost 600,Standard,Kecamatan Lowokwaru,Putra,600000,"WiFi, Kasur, Akses 24 Jam",Kost 600
Kost Emma Kertosentono 73,Tipe A,Kecamatan Lowokwaru,Putri,666666,"WiFi, Kasur, Akses 24 Jam",Kost Emma Kertosentono 73 Tipe A
Kost Annisa Asthagina 2 Executive,Standard,Kecamatan Karang Ploso,Putri,1500000,"K. Mandi Dalam, WiFi, AC, Kloset Duduk, Kasur, Akses 24 Jam",Kost Annisa Asthagina 2 Executive
Kost Anugerah,Tipe Eksklusif,Kecamatan Lowokwaru,Putri,1400000,"K. Mandi Dalam, WiFi, AC, Kloset Duduk, Kasur",Kost Anugerah Tipe Eksklusif
Kost Khodijah,Standard,Kecamatan Lowokwaru,Putri,1000000,"K. Mandi Dalam, WiFi, AC, Kloset Duduk, Kasur, Akses 24 Jam",Kost Khodijah
Kost Eksklusif,Tipe B,Kecamatan Lowokwaru,Putri,1500000,"K. Mandi Dalam, WiFi, AC, Kloset Duduk, Kasur",Kost Eksklusif Tipe B
Kost Griya Artha Rahayu,Standard,Kecamatan Lowokwaru,Putri,1700000,"K. Mandi Dalam, WiFi, AC, Kloset Duduk, Kasur, Akses 24 Jam",Kost Griya Artha Rahayu
Kost Borobudur Agung Timur Suhat,Tipe A,Kecamatan Lowokwaru,Putra,875000,"WiFi, Kloset Duduk, Kasur, Akses 24 Jam",Kost Borobudur Agung Timur Suhat Tipe A
Kost De Albens,Standard,Kecamatan Lowokwaru,Putri,1600000,"K. Mandi Dalam, WiFi, AC, Kloset Duduk, Kasur, Akses 24 Jam",Kost De Albens
Kost Omah Papa Biru,Tipe B,Lowokwaru,Putri,1100000,"WiFi, Kloset Duduk, Kasur",Kost Omah Papa Biru Tipe B
Kost Sembilan C Dan D,Tipe Superior Non AC,Lowokwaru,Putri,1400000,"K. Mandi Dalam, WiFi, Kloset Duduk, Kasur",Kost Sembilan C Dan D Tipe Superior Non AC
Kost Purple,Tipe A,Kecamatan Lowokwaru,Putri,1350000,"K. Mandi Dalam, WiFi, AC, Kloset Duduk, Kasur, Akses 24 Jam",Kost Purple Tipe A
Kost Calloway VIP Studio,Standard,Kecamatan Lowokwaru,Putri,1800000,"K. Mandi Dalam, WiFi, AC, Kloset Duduk, Kasur, Akses 24 Jam",Kost Calloway VIP Studio
Kost Tenang Suhat,Standard,Lowokwaru,Putra,1900000,"K. Mandi Dalam, WiFi, AC, Kloset Duduk",Kost Tenang Suhat
Kost Kemuning House,Tipe B,Lowokwaru,Putri,1280500,"K. Mandi Dalam, WiFi, AC, Kloset Duduk, Kasur",Kost Kemuning House Tipe B
Kost Griya Cengger Ayam 32A,Standard,Lowokwaru,Campur,1800000,"K. Mandi Dalam, WiFi, AC, Kloset Duduk, Kasur, Akses 24 Jam",Kost Griya Cengger Ayam 32A
Kost Ranugrati I,Standard,Kecamatan Kedungkandang,Putri,800000,"K. Mandi Dalam, WiFi, Kloset Duduk, Kasur, Akses 24 Jam",Kost Ranugrati I
Kost Manggar,Tipe B,Lowokwaru,Putri,800000,"K. Mandi Dalam, WiFi, Kasur",Kost Manggar Tipe B
Kost Pelangi,Tipe A,Kedungkandang,Putri,400000,"WiFi, Kasur",Kost Pelangi Tipe A
Kost Ike Lestari Handayani,Tipe A,Lowokwaru,Putri,850000,"K. Mandi Dalam, WiFi, Kloset Duduk, Kasur, Akses 24 Jam",Kost Ike Lestari Handayani Tipe A
Kost Javelin House VIP II,Tipe 1,Kecamatan Lowokwaru,Putri,2500000,"K. Mandi Dalam, WiFi, AC, Kloset Duduk, Kasur, Akses 24 Jam",Kost Javelin House VIP II Tipe 1
Kost Holla,Tipe B,Kecamatan Klojen,Putri,800000,"K. Mandi Dalam, WiFi, Kloset Duduk, Kasur",Kost Holla Tipe B
Kost Bu Kartinah,Tipe A,Sukun,Putri,700000,"WiFi, Kasur, Akses 24 Jam",Kost Bu Kartinah Tipe A
Kost De Pamma Syariah Executive,Standard,Lowokwaru,Putri,1500000,"K. Mandi Dalam, WiFi, AC, Kloset Duduk, Kasur, Akses 24 Jam",Kost De Pamma Syariah Executive
Kost Al Baroqah,Standard,Kecamatan Lowokwaru,Putri,900000,"K. Mandi Dalam, WiFi, Kloset Duduk, Kasur, Akses 24 Jam",Kost Al Baroqah
Kost Mafaza,Tipe A,Kecamatan Lowokwaru,Putri,1400000,"K. Mandi Dalam, WiFi, AC, Kloset Duduk, Kasur",Kost Mafaza Tipe A
Kost Eksklusif Hawa 3 Tunggul Wulung,Standard,Lowokwaru,Putri,1500000,"WiFi, AC, Kloset Duduk, Kasur, Akses 24 Jam",Kost Eksklusif Hawa 3 Tunggul Wulung
Kost Araya Binus Javelin House,Tipe C,Kecamatan Blimbing,Putri,1950000,"K. Mandi Dalam, WiFi, AC, Kloset Duduk, Kasur, Akses 24 Jam",Kost Araya Binus Javelin House Tipe C
Kost Wlingi Empat Eksekutif,Standard,Lowokwaru,Putri,2000000,"K. Mandi Dalam, WiFi, AC, Kloset Duduk, Kasur, Akses 24 Jam",Kost Wlingi Empat Eksekutif
Kost Ibu Sumiyati,Standard,Kecamatan Lowokwaru,Putri,350000,"Kasur, Akses 24 Jam",Kost Ibu Sumiyati
Kost Edelweiss Mansion,Tipe B,Kecamatan Lowokwaru,Putri,1350000,"K. Mandi Dalam, WiFi, Kloset Duduk, Kasur",Kost Edelweiss Mansion Tipe B
Kost Alma,Tipe B,Lowokwaru,Putri,750000,"WiFi, Kasur, Akses 24 Jam",Kost Alma Tipe B
Kost Araya Blok P,Tipe Standard,Kecamatan Blimbing,Putri,1900000,"K. Mandi Dalam, WiFi, AC, Kloset Duduk, Kasur",Kost Araya Blok P Tipe Standard
Kost Graha Kamila,Tipe Standar,Kecamatan Lowokwaru,Putra,1000000,"WiFi, Kloset Duduk, Kasur, Akses 24 Jam",Kost Graha Kamila Tipe Standar
Kost Syariah Bening 2,Tipe A,Kecamatan Lowokwaru,Putra,850000,"Kloset Duduk, Kasur, Akses 24 Jam",Kost Syariah Bening 2 Tipe A
Kost Rara Dwiga,Tipe C,Lowokwaru,Putra,3705000,"K. Mandi Dalam, WiFi, AC, Kloset Duduk, Kasur, Akses 24 Jam",Kost Rara Dwiga Tipe C
Kost Wijayandanu Eksklusif,Standard,Kecamatan Blimbing,Putri,1200000,"K. Mandi Dalam, WiFi, AC, Kloset Duduk, Kasur",Kost Wijayandanu Eksklusif
Kost Syn,Standard,Kecamatan Lowokwaru,Putri,1350000,"K. Mandi Dalam, WiFi, AC, Kloset Duduk, Kasur",Kost Syn
Kost Bunga Merak II,Tipe Exclusive,Lowokwaru,Putri,1300000,"K. Mandi Dalam, WiFi, Kloset Duduk, Kasur, Akses 24 Jam",Kost Bunga Merak II Tipe Exclusive
Kost Dclariza Premium,Standard,Lowokwaru,Putri,2250000,"K. Mandi Dalam, WiFi, AC, Kloset Duduk, Kasur",Kost Dclariza Premium
Kost Happy Home Executive,Standard,Klojen,Putri,1500000,"K. Mandi Dalam, WiFi, AC, Kloset Duduk, Kasur, Akses 24 Jam",Kost Happy Home Executive
Kost Dinoyo 34 VIP,Standard,Kecamatan Lowokwaru,Putri,750000,"WiFi, Kasur",Kost Dinoyo 34 VIP
Kost Griya Cades Executive,Standard,Kecamatan Lowokwaru,Putri,1720000,"K. Mandi Dalam, WiFi, AC, Kloset Duduk, Kasur, Akses 24 Jam",Kost Griya Cades Executive
Kost Nyaman,Tipe A,Kecamatan Blimbing,Putri,1300000,"K. Mandi Dalam, WiFi, AC, Kloset Duduk, Kasur",Kost Nyaman Tipe A
Kost Ali,Standard,Kecamatan Lowokwaru,Putri,600000,"WiFi, Kloset Duduk, Kasur",Kost Ali
Kost Koral Dinoyo,Tipe C,Lowokwaru,Putra,700000,"WiFi, Kloset Duduk, Kasur, Akses 24 Jam",Kost Koral Dinoyo Tipe C
Kost Kedondong,Tipe A,Kecamatan Klojen,Putra,1100000,"WiFi, Kasur",Kost Kedondong Tipe A
Kost Graha Kamila,Tipe A,Kecamatan Lowokwaru,Putra,1500000,"WiFi, Kloset Duduk, Kasur, Akses 24 Jam",Kost Graha Kamila Tipe A
Kost Semi Paviliun Suhat,Standard,Lowokwaru,Putra,850000,"K. Mandi Dalam, WiFi, Kloset Duduk, Kasur, Akses 24 Jam",Kost Semi Paviliun Suhat
Kost Eksklusif Nusa Indah,Tipe B,Lowokwaru,Putri,2200000,"K. Mandi Dalam, WiFi, AC, Kloset Duduk, Kasur, Akses 24 Jam",Kost Eksklusif Nusa Indah Tipe B
Rumah Kontrakan Abdul,Tipe A,Kecamatan Blimbing,Campur,1900000,"Kloset Duduk, Akses 24 Jam",Rumah Kontrakan Abdul Tipe A
Kost Kemuning House,Tipe A,Lowokwaru,Putri,1454200,"K. Mandi Dalam, WiFi, AC, Kloset Duduk, Kasur",Kost Kemuning House Tipe A
Kost Cimi Akordion,Tipe B1,Kecamatan Lowokwaru,Putri,1350000,"K. Mandi Dalam, WiFi, AC, Kloset Duduk, Kasur",Kost Cimi Akordion Tipe B1
Kost Arbiyunda,Tipe B,Lowokwaru,Putra,2375000,"K. Mandi Dalam, WiFi, Kloset Duduk, Kasur",Kost Arbiyunda Tipe B
Kost Manggar,Tipe D,Lowokwaru,Putri,585000,"WiFi, Kasur",Kost Manggar Tipe D
Kost Premium Victoria Boutique Residence Twin,Standard,Kecamatan Blimbing,Campur,2500000,"K. Mandi Dalam, WiFi, AC, Kasur, Akses 24 Jam",Kost Premium Victoria Boutique Residence Twin
Kost House Of Telagawarna,Tipe A,Lowokwaru,Putri,600000,"WiFi, Kasur",Kost House Of Telagawarna Tipe A
Kost Omah Papa Biru,Tipe A,Lowokwaru,Putri,1300000,"WiFi, Kloset Duduk, Kasur",Kost Omah Papa Biru Tipe A
Kost Griya Nanda Executive,Standard,Lowokwaru,Putri,1800000,"K. Mandi Dalam, WiFi, AC, Kloset Duduk, Kasur, Akses 24 Jam",Kost Griya Nanda Executive
Kost Adenium,Tipe A,Lowokwaru,Putri,450000,"WiFi, Kloset Duduk, Kasur, Akses 24 Jam",Kost Adenium Tipe A
Kost Toti,Tipe A,Lowokwaru,Putri,1400000,"K. Mandi Dalam, WiFi, AC, Kloset Duduk, Kasur",Kost Toti Tipe A
Kost Penthouse Puri Akordion,Standard,Kecamatan Lowokwaru,Putra,1100000,"K. Mandi Dalam, WiFi, Kloset Duduk, Kasur, Akses 24 Jam",Kost Penthouse Puri Akordion
Kost Dflowers,Tipe B,Kecamatan Lowokwaru,Putri,1100000,"K. Mandi Dalam, WiFi, Kloset Duduk, Kasur, Akses 24 Jam",Kost Dflowers Tipe B
Kost Landungsari,Standard,Kecamatan Lowokwaru,Putri,650000,"WiFi, Kasur, Akses 24 Jam",Kost Landungsari
Kost Tlogomas 5C,Standard,Lowokwaru,Putri,400000,"WiFi, Kasur, Akses 24 Jam",Kost Tlogomas 5C
Kost Manggar,Tipe A,Lowokwaru,Putri,1164000,"K. Mandi Dalam, WiFi, Kloset Duduk, Kasur",Kost Manggar Tipe A
Kost Fatimah,Standard,Kecamatan Lowokwaru,Putri,1150000,"WiFi, Kloset Duduk, Kasur",Kost Fatimah
Kost Kosh Azzahra,Tipe A,Kecamatan Lowokwaru,Putri,1300000,"K. Mandi Dalam, WiFi, Kloset Duduk, Kasur, Akses 24 Jam",Kost Kosh Azzahra Tipe A
Kost Asa House Reguler,Standard,Kecamatan Sukun,Putri,1400000,"K. Mandi Dalam, WiFi, AC, Kloset Duduk, Kasur",Kost Asa House Reguler
Kost Ibadurrahman,Tipe Premium VVIP,Lowokwaru,Putri,2000000,"K. Mandi Dalam, WiFi, AC, Kloset Duduk, Kasur",Kost Ibadurrahman Tipe Premium VVIP
Kost Raca,Tipe B,Kecamatan Lowokwaru,Putra,1070000,"K. Mandi Dalam, WiFi, Kloset Duduk, Kasur, Akses 24 Jam",Kost Raca Tipe B
Kost Adila House,Tipe A,Lowokwaru,Putri,1455000,"K. Mandi Dalam, WiFi, AC, Kloset Duduk, Kasur",Kost Adila House Tipe A
Kost Mama Atiek,Standard,Kecamatan Klojen,Putri,600000,"WiFi, Kloset Duduk, Kasur, Akses 24 Jam",Kost Mama Atiek
Kost Rumah Mendut,Tipe D,Lowokwaru,Putri,2550000,"K. Mandi Dalam, WiFi, AC, Kloset Duduk, Kasur, Akses 24 Jam",Kost Rumah Mendut Tipe D
Kost Lily Standart,Standard,Kecamatan Lowokwaru,Putri,1500000,"K. Mandi Dalam, WiFi, AC, Kloset Duduk, Kasur, Akses 24 Jam",Kost Lily Standart
Kost Bu Arie Supriyadi,Standard,Kecamatan Sukun,Putra,550000,"WiFi, Kasur",Kost Bu Arie Supriyadi
Kost Omah PW,Tipe B,Lowokwaru,Putra,759510,"K. Mandi Dalam, WiFi, Kasur",Kost Omah PW Tipe B
Kost Bell Meer,Tipe A,Kecamatan Lowokwaru,Putri,1500000,"K. Mandi Dalam, WiFi, Kloset Duduk, Kasur",Kost Bell Meer Tipe A
Kost Lamhotma Kertosari Sharing Room,Standard,Kecamatan Lowokwaru,Putri,2000000,"K. Mandi Dalam, WiFi, Kloset Duduk, Kasur",Kost Lamhotma Kertosari Sharing Room
Kost Suhartono Tlogomas,Tipe B,Lowokwaru,Putri,549990,"WiFi, Kasur",Kost Suhartono Tlogomas Tipe B
Kost Arie Supriyadi,Standard,Kecamatan Sukun,Putra,650000,"WiFi, Kasur",Kost Arie Supriyadi
Kost Garden House Executive,Standard,Lowokwaru,Putri,1550000,"WiFi, Kloset Duduk, Kasur, Akses 24 Jam",Kost Garden House Executive
Kost Kedawung AC Single KMD,Standard,Kecamatan Lowokwaru,Putri,1200000,"K. Mandi Dalam, WiFi, AC, Kloset Duduk, Kasur, Akses 24 Jam",Kost Kedawung AC Single KMD
Kost Bu Christine,Tipe A,Lowokwaru,Putri,1000000,"K. Mandi Dalam, WiFi, AC, Kloset Duduk, Kasur, Akses 24 Jam",Kost Bu Christine Tipe A
Kost Ibu Titin 1,Standard,Kecamatan Lowokwaru,Putra,600000,"WiFi, Kasur, Akses 24 Jam",Kost Ibu Titin 1
Kost Sunny 2 Simpang Gajayana Sardo,Tipe A,Kecamatan Lowokwaru,Putri,1350000,"K. Mandi Dalam, WiFi, AC, Kloset Duduk, Kasur, Akses 24 Jam",Kost Sunny 2 Simpang Gajayana Sardo Tipe A
Kost Araya Binus Javelin House,Tipe D,Kecamatan Blimbing,Putri,2450000,"K. Mandi Dalam, WiFi, AC, Kloset Duduk, Kasur, Akses 24 Jam",Kost Araya Binus Javelin House Tipe D
Kost Araya Blok P,Tipe Executive 1,Kecamatan Blimbing,Putri,2500000,"K. Mandi Dalam, WiFi, AC, Kloset Duduk, Kasur",Kost Araya Blok P Tipe Executive 1
Kost Omah PW,Tipe C,Lowokwaru,Putra,603000,"WiFi, Kasur",Kost Omah PW Tipe C
Kost Griya Amira,Tipe A,Kecamatan Lowokwaru,Putri,1750000,"K. Mandi Dalam, WiFi, Kloset Duduk, Kasur, Akses 24 Jam",Kost Griya Amira Tipe A
Kost Lamhotma Kertosari Private Single Room,Standard,Kecamatan Lowokwaru,Putri,1500000,"K. Mandi Dalam, WiFi, Kloset Duduk, Kasur, Akses 24 Jam",Kost Lamhotma Kertosari Private Single Room
Kost Ibu Yuni Kertosentono 52,Tipe A,Lowokwaru,Putri,666667,"WiFi, Kasur, Akses 24 Jam",Kost Ibu Yuni Kertosentono 52 Tipe A
Kost Gakosta 2,Standard,Kecamatan Lowokwaru,Putra,895000,"K. Mandi Dalam, WiFi, Kasur, Akses 24 Jam",Kost Gakosta 2
Kost Javelin House VIP II,Tipe 2,Kecamatan Lowokwaru,Putri,2500000,"K. Mandi Dalam, WiFi, AC, Kloset Duduk, Kasur, Akses 24 Jam",Kost Javelin House VIP II Tipe 2
Kost Edelweis 19,Tipe A,Kecamatan Lowokwaru,Putra,1000000,"WiFi, Kasur, Akses 24 Jam",Kost Edelweis 19 Tipe A
Kost Griya Orchid,Standard,Kecamatan Lowokwaru,Putri,650000,"WiFi, Kasur",Kost Griya Orchid
Kost Salvia,Tipe C,Lowokwaru,Putri,1500000,"K. Mandi Dalam, WiFi, AC, Kloset Duduk, Kasur, Akses 24 Jam",Kost Salvia Tipe C
Kost Dyandra,Tipe Executive,Lowokwaru,Putri,1300000,"WiFi, Kloset Duduk, Kasur, Akses 24 Jam",Kost Dyandra Tipe Executive
Kost Bubu,Standard,Kecamatan Lowokwaru,Putra,710000,"WiFi, Kloset Duduk, Kasur, Akses 24 Jam",Kost Bubu
Kost STG 14 Pandanwangi VIP,Standard,Kecamatan Blimbing,Putri,1950000,"K. Mandi Dalam, WiFi, AC, Kloset Duduk, Kasur, Akses 24 Jam",Kost STG 14 Pandanwangi VIP
Kost Laris,Tipe A,Kecamatan Lowokwaru,Putri,1250050,"K. Mandi Dalam, WiFi, AC, Kloset Duduk, Kasur, Akses 24 Jam",Kost Laris Tipe A
Kost Bunga,Tipe A,Kecamatan Lowokwaru,Putri,1100000,"K. Mandi Dalam, WiFi, Kloset Duduk, Kasur",Kost Bunga Tipe A
Kost Kalila Songgolangit,Standard,Kecamatan Lowokwaru,Putri,2200000,"K. Mandi Dalam, WiFi, AC, Kloset Duduk, Kasur, Akses 24 Jam",Kost Kalila Songgolangit
Kost Rumah Mendut,Tipe C,Lowokwaru,Putri,1150000,"K. Mandi Dalam, WiFi, Kloset Duduk, Kasur, Akses 24 Jam",Kost Rumah Mendut Tipe C
Kost Landung Indah 1,Standard,Lowokwaru,Putra,400000,"WiFi, Kloset Duduk, Akses 24 Jam",Kost Landung Indah 1
Kost Wojia,Standard,Blimbing,Putra,1500000,"K. Mandi Dalam, WiFi, AC, Kloset Duduk, Kasur, Akses 24 Jam",Kost Wojia
Kost Simpang Kepuh,Tipe A,Kecamatan Sukun,Putri,800000,"K. Mandi Dalam, WiFi, Kloset Duduk, Kasur, Akses 24 Jam",Kost Simpang Kepuh Tipe A
Kost Edelweiss Mansion,Tipe C,Kecamatan Lowokwaru,Putri,1250000,"K. Mandi Dalam, WiFi, Kloset Duduk, Kasur",Kost Edelweiss Mansion Tipe C
Kost EZ,Tipe C,Lowokwaru,Putra,2225000,"K. Mandi Dalam, WiFi, AC, Kloset Duduk, Kasur, Akses 24 Jam",Kost EZ Tipe C
Kost Sulfat Cozy Premium,Standard,Blimbing,Putra,1700000,"K. Mandi Dalam, WiFi, AC, Kasur, Akses 24 Jam",Kost Sulfat Cozy Premium
Kost Arwana,Tipe Standart,Kecamatan Lowokwaru,Putri,900000,"WiFi, Kloset Duduk, Kasur",Kost Arwana Tipe Standart
Kost Gajayana,Tipe A,Lowokwaru,Putri,1375000,"WiFi, Kloset Duduk, Kasur, Akses 24 Jam",Kost Gajayana Tipe A
Kost The Corner PJE,Standard,Kecamatan Lowokwaru,Putra,2500000,"K. Mandi Dalam, WiFi, AC, Kloset Duduk, Kasur",Kost The Corner PJE
Kost Pelangi,Standard,Kecamatan Lowokwaru,Putri,600000,"WiFi, Kasur",Kost Pelangi
Kost Fiona,Tipe A,Lowokwaru,Putri,1656000,"K. Mandi Dalam, WiFi, AC, Kloset Duduk, Kasur",Kost Fiona Tipe A
Kost BCT Tujuh Delapan,Standard,Lowokwaru,Putri,900000,"Kloset Duduk, Kasur, Akses 24 Jam",Kost BCT Tujuh Delapan
Kost 91,Standard,Klojen,Putra,650000,"WiFi, Kasur, Akses 24 Jam",Kost 91
Kost Seinn,Standard,Lowokwaru,Putri,750000,"WiFi, Kloset Duduk, Kasur, Akses 24 Jam",Kost Seinn
Kost Bily,Tipe A,Kecamatan Lowokwaru,Putri,715000,"WiFi, Kasur, Akses 24 Jam",Kost Bily Tipe A
Kost Izy,Standard,Kecamatan Lowokwaru,Putri,1000000,"WiFi, Kloset Duduk, Kasur",Kost Izy
Kost Griya Amira,Tipe B,Kecamatan Lowokwaru,Putri,1850000,"K. Mandi Dalam, WiFi, Kloset Duduk, Kasur, Akses 24 Jam",Kost Griya Amira Tipe B
Rumah Kontrakan BCT,Standard,Sukun,Campur,2000000,,Rumah Kontrakan BCT
Kost Singkarak,Standard,Kedungkandang,Putri,400000,"WiFi, Kasur",Kost Singkarak
Kost Pak Ali,Standard,Lowokwaru,Putra,699000,"WiFi, Kasur, Akses 24 Jam",Kost Pak Ali
Kost Sakinah,Tipe A,Kecamatan Lowokwaru,Putri,600000,"WiFi, Kasur, Akses 24 Jam",Kost Sakinah Tipe A
Kost Simon,Standard,Kecamatan Blimbing,Putra,600000,Kasur,Kost Simon
Kost Samanea 04,Standard,Kecamatan Lowokwaru,Putra,1400000,"K. Mandi Dalam, WiFi, AC, Kloset Duduk, Kasur",Kost Samanea 04
Rumah Kontrakan Griya Amarta,Standard,Kecamatan Lowokwaru,Campur,2000000,"K. Mandi Dalam, Kasur, Akses 24 Jam",Rumah Kontrakan Griya Amarta
Kost Samain,Standard,Kedungkandang,Campur,750000,"K. Mandi Dalam, Kasur",Kost Samain
Kost Aman Permai,Standard,Sukun,Putra,650000,"WiFi, Kasur, Akses 24 Jam",Kost Aman Permai
Kost Bu Titis,Standard,Kecamatan Blimbing,Putri,400000,"WiFi, Kloset Duduk, Kasur, Akses 24 Jam",Kost Bu Titis
Kost Lely 47,Tipe A,Lowokwaru,Putra,2200000,"K. Mandi Dalam, WiFi, AC, Kloset Duduk, Kasur",Kost Lely 47 Tipe A
Kost Suseno Andrianto,Tipe A,Kecamatan Lowokwaru,Putra,500000,"Kasur, Akses 24 Jam",Kost Suseno Andrianto Tipe A
Kost Graha Hafira,Tipe VIP,Lowokwaru,Putri,1600000,"K. Mandi Dalam, WiFi, AC, Kloset Duduk, Kasur, Akses 24 Jam",Kost Graha Hafira Tipe VIP
Kost Terusan Sigura Gura,Tipe Premium,Sukun,Putri,1400000,"K. Mandi Dalam, WiFi, Kloset Duduk, Kasur, Akses 24 Jam",Kost Terusan Sigura Gura Tipe Premium
